City_ID,City,Lat,Lng,Max Temp,Humidity,Cloudiness,Wind Speed,Country,Date
0,qaanaaq,77.484,-69.3632,-9.09,67,13,6.67,GL,1679254224
1,udachnyy,66.4167,112.4,-36.69,100,100,4.99,RU,1679254225
2,portland,45.5234,-122.6762,60.46,59,75,11.5,US,1679254124
3,bathsheba,13.2167,-59.5167,84.81,58,40,21.85,BB,1679254234
4,anadyr,64.75,177.4833,16.3,85,40,5.99,RU,1679254235
5,dikson,73.5069,80.5464,-13.18,96,99,8.19,RU,1679254236
6,mar del plata,-38.0023,-57.5575,71.83,88,75,13.8,AR,1679254182
7,butaritari,3.0707,172.7902,80.64,75,49,8.08,KI,1679254238
8,port elizabeth,-33.918,25.5701,72.32,92,75,17.27,ZA,1679254239
9,sao joao da barra,-21.6403,-41.0511,86.09,78,5,11.52,BR,1679254076
10,vaini,-21.2,-175.2,78.96,89,75,10.36,TO,1679254240
11,airai,-8.9266,125.4092,58.06,92,100,2.51,TL,1679254241
12,hilo,19.7297,-155.09,81.25,71,0,8.05,US,1679254241
13,sept-iles,50.2001,-66.3821,34.32,67,75,16.11,CA,1679254082
14,narsaq,60.9167,-46.05,29.66,73,100,7.74,GL,1679254243
15,taltal,-25.4,-70.4833,71.51,72,23,4.36,CL,1679254243
16,saint-philippe,-21.3585,55.7679,78.39,82,100,3.38,RE,1679254244
17,hermanus,-34.4187,19.2345,61.81,76,0,5.28,ZA,1679254245
18,camacha,33.0833,-16.3333,58.42,88,75,6.91,PT,1679254245
19,kodiak,57.79,-152.4072,33.31,69,40,5.75,US,1679254246
20,ko samui,9.5357,99.9357,80.83,76,65,9.86,TH,1679254247
21,rikitea,-23.1203,-134.9692,79.03,72,10,12.41,PF,1679254248
22,puerto ayora,-0.7393,-90.3518,85.96,85,66,8.99,EC,1679254248
23,ayan,56.45,138.1667,10.53,59,33,15.48,RU,1679254249
24,mataura,-46.1927,168.8643,61.48,94,100,3.15,NZ,1679254250
25,tocache,-8.1842,-76.5125,85.6,59,85,0.54,PE,1679254251
26,iqaluit,63.7506,-68.5145,-15.07,70,0,23.02,CA,1679254252
27,fort nelson,58.8053,-122.7002,33.39,51,20,3.44,CA,1679254252
28,capaccio,40.4244,15.0809,50.05,80,100,2.62,IT,1679254278
29,kruisfontein,-34.0033,24.7314,68.36,88,100,12.68,ZA,1679254279
30,albany,42.6001,-73.9662,32.58,49,100,7.0,US,1679254279
31,rosetta,31.4044,30.4164,59.58,67,100,23.11,EG,1679254280
32,fairbanks,64.8378,-147.7164,34.83,68,0,3.44,US,1679254200
33,esperance,-33.8667,121.9,60.94,87,4,14.45,AU,1679254282
34,bluff,-46.6,168.3333,61.81,77,100,12.5,NZ,1679254283
35,carnarvon,-24.8667,113.6333,73.56,81,0,14.2,AU,1679254283
36,manlilinao,11.1078,124.4991,72.55,89,100,5.39,PH,1679254285
37,busselton,-33.65,115.3333,64.56,61,61,13.06,AU,1679254287
38,bonavista,48.6499,-53.1147,37.09,96,100,23.38,CA,1679254288
39,lodja,-3.4833,23.4333,68.16,92,74,1.34,CD,1679254288
40,conceicao do araguaia,-8.2578,-49.2647,71.46,96,100,2.93,BR,1679254289
41,tasiilaq,65.6145,-37.6368,12.36,85,100,4.74,GL,1679254290
42,kibuye,-2.0597,29.3482,64.15,84,99,1.77,RW,1679254291
43,nikolskoye,59.7035,30.7861,37.29,99,100,4.94,RU,1679254291
44,manoel urbano,-8.8389,-69.2597,90.01,49,95,2.44,BR,1679254292
45,shimoda,34.6667,138.95,51.42,64,75,3.02,JP,1679254293
46,bredasdorp,-34.5322,20.0403,65.75,82,0,0.92,ZA,1679254293
47,lavrentiya,65.5833,-171.0,14.56,95,100,5.55,RU,1679254294
48,kuryk,43.2,51.65,54.7,32,4,17.47,KZ,1679254295
49,mitsamiouli,-11.3847,43.2844,81.79,77,100,7.76,KM,1679254296
50,richards bay,-28.783,32.0377,75.92,91,91,3.11,ZA,1679254297
51,hualmay,-11.0964,-77.6139,78.64,67,76,9.71,PE,1679254297
52,punta arenas,-53.15,-70.9167,48.31,53,40,31.07,CL,1679254077
53,kazachinskoye,57.6953,93.2761,1.49,91,100,12.44,RU,1679254298
54,kinablangan,7.6947,126.5503,76.73,87,71,4.03,PH,1679254299
55,hithadhoo,-0.6,73.0833,81.28,76,100,5.23,MV,1679254303
56,barcelos,41.5388,-8.6151,58.91,84,97,3.24,PT,1679254307
57,tura,25.5198,90.2201,62.38,98,100,1.83,IN,1679254307
58,dingle,10.9995,122.6711,73.56,93,100,7.85,PH,1679254308
59,port alfred,-33.5906,26.891,73.18,83,99,7.0,ZA,1679254308
60,tiksi,71.6872,128.8694,-16.69,96,100,14.47,RU,1679254309
61,issia,6.4922,-6.5856,80.33,66,99,0.56,CI,1679254196
62,souillac,-20.5167,57.5167,77.38,94,40,3.44,MU,1679254310
63,avarua,-21.2078,-159.775,82.45,78,64,13.8,CK,1679254311
64,jamestown,42.097,-79.2353,27.99,62,100,19.57,US,1679254252
65,krasnoselkup,65.7,82.4667,-8.1,85,99,11.59,RU,1679254312
66,taboshar,40.5686,69.6413,46.72,77,100,4.14,TJ,1679254312
67,nelson bay,-32.7167,152.15,75.99,96,24,8.01,AU,1679254313
68,strausberg,52.5786,13.8874,56.66,87,100,6.06,DE,1679254314
69,mount isa,-20.7333,139.5,73.17,68,6,8.05,AU,1679254279
70,kirakira,-10.4544,161.9205,79.86,82,12,1.66,SB,1679254315
71,nadvoitsy,63.8667,34.3167,28.98,97,100,3.22,RU,1679254315
72,novo cruzeiro,-17.4681,-41.8753,73.74,73,97,4.81,BR,1679254249
73,norsup,-16.0667,167.3833,80.13,84,100,3.33,VU,1679254317
74,ribeira grande,38.5167,-28.7,61.2,67,40,21.85,PT,1679254318
75,cape town,-33.9258,18.4232,67.87,73,40,9.22,ZA,1679254279
76,jutai,-5.1833,-68.9,85.14,71,100,2.26,BR,1679254319
77,chokurdakh,70.6333,147.9167,-17.82,97,100,15.03,RU,1679254319
78,cherskiy,68.75,161.3,-1.68,98,96,7.02,RU,1679254320
79,ahipara,-35.1667,173.1667,62.01,73,0,2.33,NZ,1679254320
80,bay roberts,47.5999,-53.2648,42.15,95,100,15.99,CA,1679254321
81,laguna,38.421,-121.4238,55.53,90,100,14.97,US,1679254322
82,khatanga,71.9667,102.5,-33.3,99,91,7.11,RU,1679254324
83,lasa,46.6166,10.7002,49.08,98,99,1.88,IT,1679254325
84,san luis,-33.295,-66.3356,83.44,46,75,10.31,AR,1679254326
85,aklavik,68.2191,-135.0107,10.4,67,75,10.36,CA,1679254326
86,kaitangata,-46.2817,169.8464,56.75,85,100,4.14,NZ,1679254328
87,ushuaia,-54.8,-68.3,38.86,87,75,25.32,AR,1679254328
88,santa rosa,14.3122,121.1114,78.12,75,100,8.48,PH,1679254135
89,upernavik,72.7868,-56.1549,-17.34,98,90,11.95,GL,1679254329
90,komsomolskiy,40.4272,71.7189,57.92,58,40,4.61,UZ,1679254330
91,new norfolk,-42.7826,147.0587,48.92,66,27,1.01,AU,1679254331
92,wattegama,6.7989,81.4808,73.0,95,20,2.39,LK,1679254331
93,torbay,47.6666,-52.7314,41.4,96,100,27.63,CA,1679254332
94,patarlagele,45.3206,26.3605,45.32,69,36,2.13,RO,1679254332
95,nichinan,31.6,131.3667,47.88,66,100,4.52,JP,1679254333
96,aroysund,59.1806,10.455,42.49,100,100,6.91,NO,1679254333
97,luderitz,-26.6481,15.1594,61.79,89,99,3.69,NA,1679254334
98,tautira,-17.7333,-149.15,80.26,77,100,6.62,PF,1679254335
99,ixtapa,20.7,-105.2,78.03,57,0,9.22,MX,1679254335
100,andros town,24.7,-77.7667,76.96,69,99,8.93,BS,1679254336
101,gorontalo,0.5412,123.0595,74.5,95,100,2.8,ID,1679254336
102,barra patuca,15.8,-84.2833,84.97,59,38,13.6,HN,1679254337
103,denpasar,-8.65,115.2167,80.26,94,40,4.61,ID,1679254105
104,benguela,-12.5763,13.4055,79.56,82,65,6.15,AO,1679254338
105,samarinda,-0.5,117.15,72.59,99,98,0.4,ID,1679254338
106,waipawa,-41.4122,175.5153,55.85,84,21,7.43,NZ,1679254339
107,bubaque,11.2833,-15.8333,76.26,79,10,16.6,GW,1679254339
108,karpogory,64.0019,44.4451,31.28,92,100,7.31,RU,1679254340
109,tagusao,9.1924,117.8141,77.56,85,98,6.38,PH,1679254341
110,piacabucu,-10.4056,-36.4344,81.63,70,71,11.41,BR,1679254341
111,east london,-33.0153,27.9116,74.5,85,100,17.52,ZA,1679254342
112,perpignan,42.75,2.75,58.64,58,0,13.8,FR,1679254343
113,mosquera,4.7059,-74.2302,68.09,60,40,14.97,CO,1679254343
114,klaksvik,62.2266,-6.589,36.52,58,100,11.03,FO,1679254344
115,beloha,-25.1667,45.05,73.85,85,100,9.89,MG,1679254345
116,naze,28.3667,129.4833,63.52,74,100,9.4,JP,1679254346
117,sao filipe,14.8961,-24.4956,75.81,65,2,14.34,CV,1679254347
118,bengkulu,-3.8004,102.2655,74.97,92,90,4.92,ID,1679254347
119,port lincoln,-34.7333,135.8667,62.53,71,100,22.62,AU,1679254348
120,chuy,-33.6971,-53.4616,79.48,77,71,2.24,UY,1679254349
121,pangnirtung,66.1451,-65.7125,-7.6,71,75,11.5,CA,1679254349
122,kenora,49.8167,-94.4337,27.57,39,20,9.22,CA,1679254350
123,pangkalanbuun,-2.6833,111.6167,73.33,99,100,1.72,ID,1679254351
124,ziro,27.6333,93.8333,45.72,99,100,1.19,IN,1679254351
125,port-gentil,-0.7193,8.7815,80.56,89,20,1.14,GA,1679254352
126,comodoro rivadavia,-45.8667,-67.5,71.46,20,0,10.36,AR,1679254352
127,defiance,41.3334,-84.45,37.9,48,0,16.11,US,1679254353
128,hobart,-42.8794,147.3294,49.26,75,40,6.91,AU,1679254334
129,limon,10.0,-83.0333,86.05,74,0,9.22,CR,1679254354
130,polunochnoye,60.8697,60.4153,23.58,78,100,9.75,RU,1679254354
131,sorland,67.667,12.6934,31.86,87,100,4.14,NO,1679254355
132,saint george,37.1041,-113.5841,56.43,38,40,8.05,US,1679254136
133,boyolangu,-8.1181,111.8935,75.16,91,100,1.39,ID,1679254356
134,skjervoy,70.0311,20.9714,28.4,62,100,18.45,NO,1679254356
135,bambous virieux,-20.3428,57.7575,78.22,94,40,3.44,MU,1679254357
136,biltine,14.5333,20.9167,88.18,14,100,11.1,TD,1679254357
137,chiknayakanhalli,13.4172,76.6228,69.91,59,19,3.58,IN,1679254358
138,vestmannaeyjar,63.4427,-20.2734,35.02,67,100,10.58,IS,1679254359
139,pombal,-6.7703,-37.8017,82.06,59,62,15.03,BR,1679254359
140,imari,33.2667,129.8833,52.79,70,100,3.22,JP,1679254360
141,goderich,43.7501,-81.7165,33.91,59,100,18.41,CA,1679254360
142,kapaa,22.0752,-159.319,74.1,87,100,13.8,US,1679254190
143,tuktoyaktuk,69.4541,-133.0374,6.8,78,75,17.27,CA,1679254361
144,necochea,-38.5473,-58.7368,64.9,81,96,11.45,AR,1679254362
145,longyearbyen,78.2186,15.6401,3.04,55,20,13.8,SJ,1679254362
146,hervey bay,-25.2986,152.8535,77.63,71,26,10.74,AU,1679254363
147,pitimbu,-7.4706,-34.8086,86.59,77,100,11.07,BR,1679254363
148,vanavara,60.34,102.2797,1.51,95,100,11.16,RU,1679254364
149,peniche,39.3558,-9.3811,57.11,85,9,10.47,PT,1679254364
150,havre-saint-pierre,50.2334,-63.5986,32.36,69,100,21.85,CA,1679254365
151,tommot,58.9564,126.2925,6.76,97,100,3.27,RU,1679254366
152,cabo san lucas,22.8909,-109.9124,78.62,65,20,3.44,MX,1679254151
153,bethel,41.3712,-73.414,39.0,40,75,14.97,US,1679254367
154,yar-sale,66.8333,70.8333,19.62,93,100,25.08,RU,1679254367
155,ugoofaaru,5.6667,73.0,81.63,75,37,5.39,MV,1679254369
156,mecca,21.4267,39.8261,75.13,31,5,5.46,SA,1679254370
157,saldanha,-33.0117,17.9442,64.45,86,1,16.42,ZA,1679254371
158,lubawa,53.5043,19.7497,51.4,65,100,5.75,PL,1679254372
159,songjianghe,42.1859,127.479,26.06,77,97,4.92,CN,1679254373
160,nantucket,41.2835,-70.0995,41.09,49,0,25.32,US,1679254130
161,ruston,32.5232,-92.6379,50.59,27,0,11.5,US,1679254375
162,tuatapere,-46.1333,167.6833,60.13,82,100,7.38,NZ,1679254375
163,zhezkazgan,47.8043,67.7144,22.77,73,100,22.28,KZ,1679254376
164,sandwick,60.0,-1.25,40.82,81,75,2.3,GB,1679254376
165,yanggu,36.1106,115.7753,45.73,66,80,7.74,CN,1679254377
166,maldonado,-34.6667,-54.9167,78.19,85,83,7.36,UY,1679254378
167,alta floresta,-9.8756,-56.0861,89.42,58,40,6.91,BR,1679254378
168,northam,51.0333,-4.2167,46.26,89,100,10.51,GB,1679254379
169,kautokeino,69.0125,23.0412,17.64,97,100,7.27,NO,1679254379
170,kardla,58.9978,22.7492,37.06,99,85,3.71,EE,1679254380
171,caravelas,-17.7125,-39.2481,80.53,70,5,6.46,BR,1679254380
172,simao,22.7886,100.9748,60.37,65,89,1.32,CN,1679254381
173,ljungby,56.8332,13.9408,45.16,95,99,6.44,SE,1679254382
174,georgiyevka,43.0369,74.7114,32.04,80,0,4.47,KZ,1679254383
175,the pas,53.8251,-101.2541,15.82,57,0,8.05,CA,1679254261
176,erzincan,39.75,39.5,42.1,81,75,2.3,TR,1679254384
177,barrow,71.2906,-156.7887,-9.38,84,0,14.97,US,1679254385
178,san patricio,28.017,-97.5169,57.83,38,89,5.99,US,1679254386
179,schieren,49.8306,6.0986,50.23,84,17,1.01,LU,1679254387
180,davila,18.4726,120.5763,76.82,76,7,1.79,PH,1679254388
181,kapiri mposhi,-13.9652,28.6809,63.97,96,100,3.83,ZM,1679254388
182,hasaki,35.7333,140.8333,45.28,67,100,9.08,JP,1679254389
183,miramar,25.9873,-80.2323,79.0,74,100,13.8,US,1679254109
184,jian,27.1172,114.9793,53.4,91,99,2.13,CN,1679254390
185,samarai,-10.6167,150.6667,82.9,78,88,13.85,PG,1679254391
186,port hawkesbury,45.6169,-61.3485,43.79,49,75,11.5,CA,1679254395
187,faanui,-16.4833,-151.75,82.2,67,99,11.07,PF,1679254396
188,trairi,-3.2778,-39.2689,77.22,89,53,9.91,BR,1679254339
189,tecoanapa,16.5167,-98.75,85.19,57,3,10.89,MX,1679254397
190,georgetown,5.4112,100.3354,84.13,88,20,0.0,MY,1679254398
191,huadian,42.9633,126.7478,35.89,48,100,2.95,CN,1679254399
192,paramirim,-13.4425,-42.2389,77.58,59,97,6.26,BR,1679254399
193,snyder,32.7179,-100.9176,59.09,25,0,5.75,US,1679254400
194,clyde river,70.4692,-68.5914,-10.97,77,0,13.8,CA,1679254401
195,bosaso,11.2842,49.1816,80.96,72,100,5.75,SO,1679254402
196,kukes,42.0769,20.4219,50.54,76,17,5.48,AL,1679254403
197,wakkanai,45.4094,141.6739,39.87,79,8,20.04,JP,1679254405
198,markova,48.6758,24.4138,39.27,79,95,4.12,UA,1679254406
199,sambava,-14.2667,50.1667,77.97,87,17,4.68,MG,1679254407
200,cervo,43.6702,-7.4101,53.96,84,86,4.14,ES,1679254408
201,athens,37.9795,23.7162,57.16,62,20,4.61,GR,1679254408
202,nanortalik,60.1432,-45.2371,32.45,73,100,6.13,GL,1679254409
203,arraial do cabo,-22.9661,-42.0278,85.96,70,20,17.27,BR,1679254410
204,saint anthony,45.0205,-93.218,35.91,42,0,17.27,US,1679254410
205,gualaquiza,-3.4,-78.55,76.98,66,98,3.36,EC,1679254411
206,kahului,20.8947,-156.47,79.84,71,0,5.75,US,1679254398
207,atuona,-9.8,-139.0333,79.88,79,13,15.88,PF,1679254412
208,makat,47.6469,53.3463,47.59,52,11,13.0,KZ,1679254413
209,swan river,52.1058,-101.2676,21.09,79,100,10.36,CA,1679254414
210,nizhniy tsasuchey,50.5167,115.1333,31.3,68,100,5.41,RU,1679254417
211,provideniya,64.3833,-173.3,21.74,96,100,3.89,RU,1679254418
212,hamilton,39.1834,-84.5333,38.5,44,75,10.36,US,1679254163
213,yellowknife,62.456,-114.3525,9.12,56,75,8.99,CA,1679254325
214,tutoia,-2.7619,-42.2744,78.08,87,93,7.36,BR,1679254420
215,byron bay,-28.65,153.6167,68.7,86,13,5.75,AU,1679254421
216,winthrop,42.3751,-70.9828,40.96,32,40,19.57,US,1679254281
217,henties bay,-22.116,14.2845,64.15,81,19,6.53,NA,1679254422
218,matamoros,25.5333,-103.25,53.71,49,100,0.0,MX,1679254423
219,viedma,-40.8135,-62.9967,75.49,31,0,4.88,AR,1679254423
220,bergen,60.392,5.328,43.21,97,100,8.05,NO,1679254424
221,kindu,-2.95,25.95,73.49,81,100,2.28,CD,1679254425
222,rameshki,57.3439,36.0453,24.28,95,100,5.3,RU,1679254425
223,telfs,47.3,11.0667,49.48,99,100,0.58,AT,1679254426
224,norman wells,65.282,-126.8329,21.24,63,75,11.5,CA,1679254426
225,doha,25.2867,51.5333,75.51,56,0,9.22,QA,1679254302
226,tiarei,-17.5333,-149.3333,84.22,76,100,6.64,PF,1679254427
227,taveta,-3.3963,37.6736,72.95,76,100,3.89,KE,1679254428
228,atambua,-9.1061,124.8925,71.96,90,98,4.38,ID,1679254428
229,rolla,37.9514,-91.7713,40.21,29,0,8.05,US,1679254429
230,sinnamary,5.3833,-52.95,80.08,69,42,11.32,GF,1679254430
231,lorengau,-2.0226,147.2712,79.41,82,13,3.31,PG,1679254431
232,lebu,-37.6167,-73.65,59.41,69,8,20.11,CL,1679254431
233,ostrovnoy,68.0531,39.5131,17.8,86,45,11.43,RU,1679254432
234,zacatecoluca,13.5,-88.8667,96.62,50,91,10.42,SV,1679254433
235,victoria,22.2855,114.1577,70.97,91,75,11.99,HK,1679254216
236,ponta do sol,32.6667,-17.1,66.0,79,82,3.18,PT,1679254433
237,qarchi gak,37.04,66.7889,62.31,43,100,8.3,AF,1679254434
238,along,28.1667,94.7667,61.63,98,100,0.94,IN,1679254435
239,tahta,26.7693,31.5021,64.06,34,0,11.59,EG,1679254435
240,moa,20.6569,-74.9403,79.14,73,36,10.8,CU,1679254436
241,buala,-8.145,159.5921,79.2,83,38,5.61,SB,1679254442
242,newport,51.5877,-2.9984,47.44,84,99,11.74,GB,1679254230
243,sitka,57.0531,-135.33,37.29,93,100,0.0,US,1679254443
244,rudsar,37.1376,50.288,51.78,97,100,3.71,IR,1679254444
245,alofi,-19.0595,-169.9187,78.69,94,40,2.3,NU,1679254445
246,itoman,26.1247,127.6694,66.97,79,75,8.05,JP,1679254445
247,gamba,-2.65,10.0,78.42,85,100,5.19,GA,1679254446
248,llanes,43.4198,-4.7549,53.91,83,100,3.15,ES,1679254447
249,porto torres,40.835,8.3972,57.38,89,98,1.48,IT,1679254448
250,mulanje,-16.0316,35.5,69.94,97,100,3.62,MW,1679254449
251,fenoarivo,-18.933,47.4354,64.47,100,75,1.14,MG,1679254451
252,gizo,-8.103,156.8419,81.18,76,71,7.45,SB,1679254451
253,sarahan,31.5167,77.8,44.37,75,100,3.09,IN,1679254452
254,vao,-22.6667,167.4833,76.93,76,75,23.13,NC,1679254453
255,thompson,55.7435,-97.8558,8.76,66,75,10.36,CA,1679254228
256,sibu,2.3,111.8167,75.51,100,40,2.3,MY,1679254454
257,jumla,29.2747,82.1838,44.65,89,100,1.36,NP,1679254454
258,villamontes,-21.25,-63.5,87.78,46,100,7.58,BO,1679254455
259,ahome,25.9167,-109.1833,76.95,39,3,14.7,MX,1679254456
260,napanee,44.2501,-76.9494,31.95,48,100,17.72,CA,1679254376
261,lashio,22.9333,97.75,63.03,72,100,1.86,MM,1679254457
262,daru,-9.0763,143.2092,78.94,84,100,4.74,PG,1679254458
263,abu samrah,35.3029,37.1841,49.46,85,97,9.08,SY,1679254459
264,nemuro,43.3236,145.575,33.46,78,82,11.41,JP,1679254460
265,kavieng,-2.5744,150.7967,80.67,80,16,7.87,PG,1679254461
266,seredka,58.1584,28.1858,40.75,98,100,4.76,RU,1679254463
267,santa cruz cabralia,-16.2781,-39.0247,84.43,74,40,8.05,BR,1679254464
268,langham,52.3668,-106.9679,19.24,91,100,2.73,CA,1679254228
269,biak,-0.9131,122.8766,76.17,88,94,1.5,ID,1679254465
270,guymon,36.6828,-101.4816,55.4,24,0,16.11,US,1679254389
271,virginia beach,36.8529,-75.978,48.04,42,20,11.5,US,1679254363
272,senigallia,43.7093,13.2167,57.07,78,75,5.75,IT,1679254467
273,vardo,70.3705,31.1107,24.78,74,20,20.71,NO,1679254468
274,ulaangom,49.9811,92.0667,11.07,91,100,3.33,MN,1679254469
275,cidreira,-30.1811,-50.2056,77.22,74,100,8.81,BR,1679254469
276,chara,56.9064,118.2631,16.52,77,10,1.7,RU,1679254470
277,vila velha,-20.3297,-40.2925,84.15,79,20,11.5,BR,1679254471
278,george,-33.963,22.4617,65.82,83,97,1.99,ZA,1679254471
279,geraldton,-28.7667,114.6,66.61,94,0,10.36,AU,1679254472
280,kavaratti,10.5669,72.642,82.2,61,3,7.94,IN,1679254473
281,castro,-24.7911,-50.0119,76.96,66,33,3.51,BR,1679254474
282,salalah,17.0151,54.0924,80.69,83,75,8.05,OM,1679254474
283,grindavik,63.8424,-22.4338,28.87,54,0,14.97,IS,1679254476
284,inhambane,-23.865,35.3833,75.18,81,0,7.31,MZ,1679254477
285,beringovskiy,63.05,179.3167,7.36,96,31,3.4,RU,1679254478
286,yumen,40.2833,97.2,41.92,35,1,4.5,CN,1679254479
287,codrington,-38.2667,141.9667,54.93,65,44,14.94,AU,1679254480
288,san policarpo,12.1791,125.5072,76.87,72,99,7.85,PH,1679254480
289,severo-yeniseyskiy,60.3725,93.0408,-7.28,96,100,7.52,RU,1679254481
290,half moon bay,37.4636,-122.4286,59.11,90,100,14.97,US,1679254481
291,tortoli,39.9256,9.6572,55.22,88,40,9.22,IT,1679254483
292,westport,41.1415,-73.3579,40.44,35,20,17.0,US,1679254185
293,embu,-23.6489,-46.8522,83.75,98,59,5.03,BR,1679254484
294,santa cruz,-17.8,-63.1667,87.85,55,75,14.97,BO,1679254289
295,charters towers,-20.1,146.2667,69.13,79,97,6.78,AU,1679254313
296,svetlogorsk,52.6333,29.7333,36.73,67,16,5.84,BY,1679254486
297,mikhaylovka,50.06,43.2379,46.78,73,0,7.36,RU,1679254487
298,severo-kurilsk,50.6789,156.125,26.04,90,100,13.33,RU,1679254488
299,baker city,44.7749,-117.8344,43.59,50,0,6.91,US,1679254191
300,rocha,-34.4833,-54.3333,77.83,76,86,8.46,UY,1679254488
301,fare,-16.7,-151.0167,81.77,71,97,9.95,PF,1679254489
302,jiuquan,39.7432,98.5174,43.14,36,86,3.78,CN,1679254490
303,ciudad ojeda,10.1964,-71.3082,85.93,54,59,8.12,VE,1679254490
304,haines junction,60.7522,-137.5108,37.35,70,99,2.3,CA,1679254491
305,divnomorskoye,44.5011,38.1353,51.51,83,80,7.49,RU,1679254492
306,noumea,-22.2763,166.4572,79.0,99,90,13.89,NC,1679254204
307,murzzuschlag,47.6,15.6833,49.06,81,100,1.83,AT,1679254492
308,okrika,4.7416,7.0849,78.1,78,100,4.72,NG,1679254493
309,dzhida,50.6772,106.1806,11.59,97,41,2.8,RU,1679254494
310,cayenne,4.9333,-52.3333,84.24,65,65,16.11,GF,1679254494
311,lompoc,34.6391,-120.4579,60.69,75,0,26.46,US,1679254495
312,batagay-alyta,67.8006,130.4114,-17.1,98,100,2.57,RU,1679254495
313,aiquile,-18.2041,-65.1807,66.69,60,100,8.12,BO,1679254496
314,tarakan,3.3,117.6333,79.09,80,90,3.53,ID,1679254496
315,san miguelito,9.0333,-79.5,90.93,50,40,11.5,PA,1679254497
316,poya,-21.35,165.15,74.7,83,0,5.32,NC,1679254498
317,champerico,14.3,-91.9167,95.54,61,11,12.77,GT,1679254498
318,vytegra,61.0064,36.4481,33.01,98,100,5.14,RU,1679254499
319,fortuna,40.5982,-124.1573,55.92,88,100,13.8,US,1679254499
320,chumikan,54.7183,135.315,18.18,76,100,4.43,RU,1679254500
321,yurino,56.2942,46.3039,29.12,93,100,3.53,RU,1679254500
322,manaure,11.7751,-72.4445,88.39,39,20,19.33,CO,1679254501
323,namibe,-15.1961,12.1522,75.69,80,100,8.21,AO,1679254501
324,gushikawa,26.3544,127.8686,66.2,82,75,8.05,JP,1679254502
325,cheyenne,41.14,-104.8203,48.52,12,0,27.63,US,1679254503
326,dhanwar,24.4167,85.9833,68.95,75,88,4.81,IN,1679254504
327,kano,12.0001,8.5167,88.52,7,100,6.58,NG,1679254505
328,mackay,-21.15,149.2,76.68,79,68,15.17,AU,1679254329
329,lagoa,39.05,-27.9833,57.69,75,0,25.43,PT,1679254506
330,kurilsk,45.2333,147.8833,34.74,68,47,19.71,RU,1679254507
331,saskylakh,71.9167,114.0833,-19.53,97,100,7.7,RU,1679254508
332,erzin,36.9559,36.2,50.31,82,84,4.05,TR,1679254509
333,semme,46.1963,1.5007,46.81,91,98,3.31,FR,1679254510
334,akdepe,42.0551,59.3788,44.69,30,3,11.61,TM,1679254511
335,nioro,13.35,-15.75,81.84,46,46,13.02,GM,1679254511
336,seoul,37.5683,126.9778,35.2,82,100,2.3,KR,1679254448
337,olafsvik,64.8945,-23.7142,25.36,64,61,17.6,IS,1679254513
338,duki,30.1541,68.5728,61.05,72,0,6.2,PK,1679254513
339,tomatlan,19.9333,-105.25,86.67,32,0,12.53,MX,1679254514
340,ha tinh,18.3333,105.9,69.64,95,96,1.9,VN,1679254261
341,margate,51.3813,1.3862,47.7,73,96,8.88,GB,1679254515
342,lanxi,29.2195,119.477,49.95,96,100,1.48,CN,1679254516
343,calvinia,-31.4707,19.776,61.02,55,60,7.2,ZA,1679254516
344,priargunsk,50.3691,119.1012,0.21,99,44,2.26,RU,1679254517
345,selb,50.1706,12.1305,48.11,94,93,3.27,DE,1679254518
346,beba,22.4437,-79.7253,73.67,67,99,5.93,CU,1679254519
347,batesville,35.7698,-91.641,42.94,31,0,8.05,US,1679254520
348,zhengjiatun,43.5064,123.5064,39.07,52,13,17.13,CN,1679254521
349,katsuura,35.1333,140.3,54.66,66,96,7.9,JP,1679254522
350,bandarbeyla,9.4942,50.8122,80.24,78,100,3.74,SO,1679254522
351,burnie,-41.0667,145.9167,48.94,75,12,7.16,AU,1679254361
352,salina cruz,16.1667,-95.2,82.62,49,100,29.28,MX,1679254524
353,bichura,50.5881,107.6022,18.72,89,10,2.62,RU,1679254524
354,catuday,16.2923,119.8062,74.14,73,100,9.01,PH,1679254525
355,kuala terengganu,5.3302,103.1408,80.55,89,20,2.3,MY,1679254526
356,port hedland,-20.3167,118.5667,82.45,61,0,1.14,AU,1679254526
357,kasongo-lunda,-6.4667,16.8167,69.3,98,92,0.67,CD,1679254531
358,saint-pierre,-21.3393,55.4781,78.48,78,100,5.75,RE,1679254531
359,puerto leguizamo,-0.1934,-74.7819,88.61,52,100,2.48,CO,1679254532
360,alugan,12.2188,125.4808,76.14,74,97,7.29,PH,1679254533
361,port said,31.2565,32.2841,58.98,72,40,11.5,EG,1679254533
362,pevek,69.7008,170.3133,11.37,94,100,9.44,RU,1679254534
363,ilulissat,69.2167,-51.1,26.62,54,75,1.14,GL,1679254535
364,tobetsu,43.2169,141.5169,35.1,86,25,4.88,JP,1679254536
365,hofn,64.2539,-15.2082,22.6,66,21,16.82,IS,1679254536
366,asau,46.4333,26.4,40.12,72,3,2.91,RO,1679254538
367,chiang khong,20.2613,100.4046,72.63,60,100,0.67,TH,1679254539
368,hebi,35.8992,114.1925,45.77,76,100,6.13,CN,1679254539
369,pacifica,37.6138,-122.4869,58.23,94,100,14.97,US,1679254540
370,kapit,2.0167,112.9333,73.6,100,100,0.94,MY,1679254541
371,berdigestyakh,62.0989,126.6992,-26.7,100,99,3.04,RU,1679254542
372,ishigaki,24.3448,124.1572,71.73,83,100,11.5,JP,1679254542
373,malmyzh,56.5205,50.6818,31.75,96,100,7.83,RU,1679254543
374,pundaguitan,6.3711,126.1689,80.76,78,97,16.96,PH,1679254543
375,karasjok,69.4719,25.5112,14.56,93,100,3.69,NO,1679254544
376,tazovskiy,67.4667,78.7,5.31,88,100,17.58,RU,1679254545
377,marihatag,8.7936,126.2969,75.72,88,84,4.41,PH,1679254545
378,jipijapa,-1.3333,-80.5833,81.9,79,100,8.34,EC,1679254546
379,chipata,-13.6333,32.65,65.23,95,100,3.96,ZM,1679254547
380,wewak,-3.5534,143.6268,76.93,89,18,5.21,PG,1679254547
381,khor,47.8861,134.9464,26.44,84,6,8.32,RU,1679254548
382,pisco,-13.7,-76.2167,82.45,61,0,13.8,PE,1679254526
383,kamenka,51.3223,42.7678,40.42,84,0,8.41,RU,1679254549
384,katherine,-14.4667,132.2667,73.72,94,10,0.0,AU,1679254550
385,domoni,-12.2569,44.5319,79.66,83,100,2.71,KM,1679254550
386,solwezi,-12.1688,26.3894,62.02,97,100,2.17,ZM,1679254551
387,coahuayana,18.7333,-103.6833,88.86,30,0,8.32,MX,1679254552
388,rawson,-43.3002,-65.1023,76.93,21,2,10.98,AR,1679254262
389,la asuncion,11.0333,-63.8628,85.73,51,5,20.71,VE,1679254554
390,praia da vitoria,38.7333,-27.0667,62.85,67,40,16.26,PT,1679254555
391,yanam,16.7333,82.2167,73.17,90,55,3.85,IN,1679254555
392,natal,-5.795,-35.2094,83.05,74,20,5.75,BR,1679254470
393,port macquarie,-31.4333,152.9167,64.89,90,12,9.46,AU,1679254556
394,freetown,8.484,-13.2299,76.15,80,5,10.58,SL,1679254557
395,podgornoye,51.735,39.1496,34.02,93,100,4.47,RU,1679254558
396,port hardy,50.6996,-127.4199,50.18,62,100,4.61,CA,1679254558
397,octeville,49.6261,-1.6435,43.29,81,75,6.91,FR,1679254559
398,quatre cocos,-20.2078,57.7625,78.1,84,93,3.27,MU,1679254560
399,pushkinskiye gory,57.0209,28.9103,36.45,95,100,6.67,RU,1679254560
400,seymour,38.9592,-85.8903,38.16,42,0,10.0,US,1679254561
401,svirstroy,60.7999,33.7248,33.51,99,100,4.18,RU,1679254562
402,port blair,11.6667,92.75,80.64,89,20,2.3,IN,1679254563
403,talas,38.6908,35.5538,39.87,87,100,18.41,TR,1679254563
404,tairua,-37.0167,175.85,62.64,76,52,3.38,NZ,1679254564
405,mareeba,-17.0,145.4333,72.32,92,58,1.83,AU,1679254565
406,gigmoto,13.7796,124.39,73.06,79,100,4.41,PH,1679254566
407,miles city,46.4083,-105.8406,45.57,45,0,0.0,US,1679254567
408,talnakh,69.4865,88.3972,-17.61,98,100,12.19,RU,1679254567
409,patnanungan,14.7833,122.1833,75.6,79,93,10.29,PH,1679254568
410,karlstad,59.3793,13.5036,39.76,100,100,5.75,SE,1679254569
411,panaba,21.2833,-88.2667,77.16,76,90,23.47,MX,1679254569
412,manono,-7.3,27.4167,69.89,95,100,3.27,CD,1679254570
413,ancud,-41.8697,-73.8203,58.19,59,100,5.12,CL,1679254571
414,vanimo,-2.6741,141.3028,76.15,92,61,4.09,PG,1679254572
415,sinyavskoye,47.277,39.2789,49.5,75,100,10.4,RU,1679254572
416,bongandanga,1.5,21.05,68.65,99,77,1.63,CD,1679254573
417,mehamn,71.0357,27.8492,30.15,86,75,16.11,NO,1679254574
418,kachug,53.9606,105.8817,13.93,98,66,1.12,RU,1679254575
419,menongue,-14.6585,17.691,63.5,91,83,4.16,AO,1679254577
420,keuruu,62.2667,24.7,32.18,86,100,5.73,FI,1679254578
421,agadez,19.75,10.25,80.2,7,0,11.97,NE,1679254579
422,marsh harbour,26.5412,-77.0636,76.26,75,93,6.31,BS,1679254566
423,lebowakgomo,-24.2,29.5,64.85,53,0,6.82,ZA,1679254580
424,traralgon,-38.1833,146.5333,53.85,88,97,2.75,AU,1679254581
425,makinsk,52.6292,70.4169,-0.06,91,9,2.13,KZ,1679254582
426,wladyslawowo,54.7909,18.4009,52.48,91,100,6.62,PL,1679254582
427,ossora,59.2353,163.0719,-0.09,93,60,3.96,RU,1679254583
428,rochegda,62.8,43.25,27.23,97,99,5.53,RU,1679254584
429,woodward,36.4337,-99.3904,52.83,24,0,17.27,US,1679254585
430,safaga,26.7292,33.9365,68.76,37,0,10.8,EG,1679254586
431,sorong,-0.8833,131.25,79.36,82,100,1.59,ID,1679254586
432,port lavaca,28.615,-96.6261,59.31,47,0,6.91,US,1679254587
433,emba,48.8264,58.1442,28.36,72,36,15.12,KZ,1679254588
434,raga,8.4596,25.678,78.31,57,100,9.42,SS,1679254588
435,sakaiminato,35.55,133.2333,37.38,100,20,4.61,JP,1679254589
436,spokane,47.6166,-117.3677,53.06,41,0,13.8,US,1679254324
437,mahebourg,-20.4081,57.7,78.26,94,40,3.44,MU,1679254591
438,hambantota,6.1241,81.1185,78.1,83,5,3.83,LK,1679254592
439,ketchikan,55.3422,-131.6461,44.58,87,100,5.75,US,1679254393
440,linqiong,30.4159,103.4609,55.22,93,100,3.49,CN,1679254593
441,dajal,29.5577,70.3762,66.33,61,0,8.23,PK,1679254594
442,the valley,18.217,-63.0578,81.82,69,75,17.27,AI,1679254567
443,kjollefjord,70.9457,27.3465,32.05,86,75,16.11,NO,1679254595
444,cururupu,-1.8283,-44.8683,78.19,93,98,2.06,BR,1679254364
445,guarizama,14.9167,-86.3333,84.96,39,64,4.29,HN,1679254596
446,boa vista,2.8197,-60.6733,91.38,40,75,10.36,BR,1679254597
447,ban dung,17.699,103.2596,80.01,99,100,5.66,TH,1679254598
448,andreapol,56.6513,32.2664,26.98,95,76,5.95,RU,1679254598
449,auki,-8.7676,160.7034,77.02,88,39,3.47,SB,1679254599
450,alice springs,-23.7,133.8833,69.35,64,11,0.0,AU,1679254600
451,verkh-usugli,52.7,115.1667,20.12,94,100,3.31,RU,1679254602
452,coquimbo,-29.9533,-71.3436,67.73,82,75,16.11,CL,1679254603
453,mnogovershinnyy,53.9353,139.9242,20.32,80,86,10.47,RU,1679254603
454,mocuba,-16.8392,36.9856,71.64,97,98,3.09,MZ,1679254604
455,mandalgarh,25.2,75.1,69.1,56,100,4.09,IN,1679254605
456,kasongo,-4.45,26.6667,68.92,92,96,2.37,CD,1679254550
457,chongqing,29.5628,106.5528,60.22,75,100,13.42,CN,1679254606
458,san quintin,30.4833,-115.95,66.54,48,100,10.31,MX,1679254607
459,faya,18.3851,42.4509,57.31,41,62,3.98,SA,1679254607
460,lehigh acres,26.6254,-81.6248,66.97,64,0,12.66,US,1679254608
461,petropavlovsk-kamchatskiy,53.0452,158.6483,14.59,73,75,4.47,RU,1679254609
462,harper,4.375,-7.7169,80.22,80,54,8.37,LR,1679254609
463,ericeira,38.9627,-9.4156,60.96,85,8,10.25,PT,1679254555
464,lugovoy,42.9472,72.7644,38.28,57,24,2.82,KZ,1679254610
465,kyren,51.6828,102.1408,22.73,73,10,1.74,RU,1679254611
466,cartagena,10.3997,-75.5144,87.42,66,40,9.22,CO,1679254318
467,husavik,66.0449,-17.3389,13.57,71,100,1.03,IS,1679254612
468,sumenep,-7.0167,113.8667,78.89,84,100,3.42,ID,1679254613
469,kokoda,-8.8785,147.7407,73.9,95,89,0.43,PG,1679254613
470,deputatskiy,69.3,139.9,-20.94,94,100,5.86,RU,1679254614
471,cabedelo,-6.9811,-34.8339,86.67,77,100,8.03,BR,1679254614
472,albanel,48.8832,-72.4487,24.94,68,100,18.41,CA,1679254615
473,paamiut,61.994,-49.6678,29.48,74,100,5.12,GL,1679254615
474,gvarv,59.3875,9.1737,43.07,100,100,0.85,NO,1679254616
475,ibra,22.6906,58.5334,75.45,36,81,3.49,OM,1679254617
476,poladpur,17.9802,73.466,72.16,77,0,1.28,IN,1679254617
477,lawigan,10.487,122.0354,75.58,85,83,11.41,PH,1679254618
478,dudinka,69.4058,86.1778,-7.24,97,100,17.18,RU,1679254619
479,calabozo,8.9242,-67.4293,95.92,19,86,8.32,VE,1679254619
480,torrington,41.8007,-73.1212,37.94,45,100,14.0,US,1679254620
481,kirensk,57.7853,108.1119,33.57,94,100,9.95,RU,1679254621
482,hirara,24.8,125.2833,71.46,83,75,17.27,JP,1679254622
483,isangel,-19.55,169.2667,78.21,84,96,16.04,VU,1679254624
484,hailar,49.2,119.7,11.25,89,36,5.48,CN,1679254625
485,nokaneng,-19.6667,22.2667,77.29,32,27,6.44,BW,1679254625
486,leningradskiy,69.3833,178.4167,17.06,84,100,0.83,RU,1679254626
487,warrnambool,-38.3833,142.4833,50.32,68,67,14.92,AU,1679254627
488,dhanera,24.5167,72.0167,71.19,57,99,6.44,IN,1679254627
489,los palacios,22.5872,-83.2486,82.44,61,98,4.61,CU,1679254628
490,shingu,33.7333,135.9833,46.62,76,100,4.94,JP,1679254629
491,krasnokamensk,50.0979,118.0369,15.64,88,93,2.15,RU,1679254630
492,veinticinco de mayo,-35.4323,-60.1727,92.35,37,23,8.84,AR,1679254630
493,lola,7.8,-8.5333,73.53,80,99,2.8,GN,1679254631
494,encarnacion,-27.3333,-55.9,97.52,54,75,4.61,PY,1679254632
495,chicama,-7.8447,-79.1469,84.74,64,55,9.6,PE,1679254632
496,tsuyama,35.05,134.0,40.28,78,19,1.43,JP,1679254633
497,mountain home,43.133,-115.6912,52.14,33,20,26.46,US,1679254634
498,olhao,37.0286,-7.8411,63.28,64,0,8.05,PT,1679254635
499,sokoni,-6.4333,39.55,76.86,75,100,9.6,TZ,1679254635
500,alekseyevsk,57.8406,108.3492,33.89,93,100,10.38,RU,1679254636
501,san carlos de bariloche,-41.1456,-71.3082,67.75,19,0,14.97,AR,1679254637
502,tangua,-22.7303,-42.7142,80.91,81,64,3.69,BR,1679254638
503,marathon,44.9,-89.7668,33.04,32,0,16.11,US,1679254639
504,bouna,9.2667,-3.0,87.49,27,98,4.21,CI,1679254640
505,tongren,27.7172,109.1853,46.74,95,100,1.92,CN,1679254640
506,kathmandu,27.7167,85.3167,53.83,92,75,3.44,NP,1679254641
507,vila franca do campo,37.7167,-25.4333,61.21,88,31,12.62,PT,1679254642
508,perth,-31.9333,115.8333,77.18,36,24,12.66,AU,1679254643
509,gravdal,68.1214,13.5031,30.45,76,100,3.24,NO,1679254644
510,altay,47.8667,88.1167,23.76,96,100,3.65,CN,1679254645
511,mount gambier,-37.8333,140.7667,53.49,66,44,11.74,AU,1679254645
512,qaqortoq,60.7167,-46.0333,31.86,71,100,7.85,GL,1679254646
513,boende,-0.2167,20.8667,69.01,97,64,1.3,CD,1679254647
514,lac du bonnet,50.2536,-96.0612,28.38,75,93,9.8,CA,1679254648
515,saint-michel-des-saints,46.6834,-73.9159,17.67,83,100,13.11,CA,1679254649
516,berlevag,70.8578,29.0864,30.2,74,75,25.32,NO,1679254649
517,sistranda,63.7256,8.834,37.36,75,100,17.69,NO,1679254650
518,yurginskoye,56.8189,67.3921,18.81,90,100,7.78,RU,1679254651
519,port saint john,28.477,-80.7887,62.96,63,100,13.0,US,1679254651
520,araouane,18.9048,-3.5265,82.18,12,0,11.16,ML,1679254652
521,herat,34.5,62.0,54.86,61,0,9.13,AF,1679254653
522,batemans bay,-35.7167,150.1833,66.09,89,100,11.03,AU,1679254654
523,port-cartier,50.0334,-66.8654,34.02,66,97,14.41,CA,1679254654
524,kenai,60.5544,-151.2583,33.85,64,75,8.05,US,1679254655
525,middelburg,-25.7751,29.4648,64.62,59,42,5.77,ZA,1679254656
526,high level,58.5169,-117.136,32.11,64,0,4.61,CA,1679254510
527,bad mergentheim,49.4925,9.7736,52.18,81,75,3.44,DE,1679254657
528,koumac,-20.5667,164.2833,76.46,80,1,7.2,NC,1679254658
529,apahida,46.8167,23.75,41.14,75,0,3.44,RO,1679254658
530,fonte boa,-2.4959,-66.2662,91.13,51,66,2.57,BR,1679254659
531,mandalgovi,45.7625,106.2708,28.4,42,3,8.05,MN,1679254660
532,kuntaur,13.6667,-14.8833,93.52,11,21,3.51,GM,1679254661
533,slavgorod,52.9978,78.6449,6.06,94,6,5.95,RU,1679254662
534,vostok,46.4856,135.8833,19.17,91,12,6.22,RU,1679254662
535,utete,-7.986,38.758,73.24,95,99,2.04,TZ,1679254663
536,tiznit,29.5833,-9.5,63.21,55,0,2.48,MA,1679254413
537,verkhnetulomskiy,68.6073,31.7962,15.93,98,99,3.38,RU,1679254664
538,chapais,49.7834,-74.8492,19.18,71,100,12.97,CA,1679254665
539,anderson,34.5334,-82.6499,53.17,28,0,6.91,US,1679254431
540,gat,31.61,34.7642,56.08,100,34,16.2,IL,1679254505
541,touros,-5.1989,-35.4608,74.89,87,100,6.49,BR,1679254667
542,avera,33.194,-82.5271,53.55,27,88,11.36,US,1679254668
543,hukuntsi,-24.0,21.75,78.84,23,9,14.23,BW,1679254668
544,embonas,36.2269,27.8564,53.73,68,8,18.7,GR,1679254669
545,den helder,52.9599,4.7593,46.02,93,75,7.0,NL,1679254670
546,wawa,9.9022,4.4192,88.36,42,100,6.22,NG,1679254670
547,ivanovka,42.8878,75.085,43.41,40,52,0.65,KG,1679254671
548,carmen,18.6333,-91.8333,71.64,100,100,6.91,MX,1679254672
549,miri,4.4148,114.0089,75.34,94,40,3.44,MY,1679254672
550,bystryy istok,52.371,84.3873,15.84,87,100,9.82,RU,1679254673
551,havelock,34.8791,-76.9013,57.94,36,7,1.99,US,1679254673
552,qui nhon,13.7667,109.2333,71.53,90,96,4.74,VN,1679254674
553,bilibino,68.0546,166.4372,-12.89,99,89,3.96,RU,1679254674
554,port shepstone,-30.7414,30.455,74.43,88,57,2.46,ZA,1679254485
555,kalaleh,37.3807,55.4916,55.76,60,100,3.0,IR,1679254675
556,cerchezu,43.8167,28.1,41.34,90,76,5.17,RO,1679254676
557,ust-tsilma,65.441,52.1498,31.64,92,100,14.27,RU,1679254676
558,butajira,8.1167,38.3667,58.12,87,100,1.34,ET,1679254677
559,jieshi,22.8134,115.8257,67.23,86,96,9.51,CN,1679254678
560,talaya,61.3833,152.75,-8.81,100,100,2.84,RU,1679254678
561,labuhan,-6.8844,112.2051,77.99,86,100,5.12,ID,1679254679
562,tigzirt,36.8886,4.1198,56.1,88,58,6.93,DZ,1679254680
563,lata,40.1629,-8.3327,55.81,89,99,0.89,PT,1679254681
564,gejiu,23.306,103.1635,52.3,89,99,3.47,CN,1679254682
565,vila do maio,15.1333,-23.2167,79.59,82,0,16.31,CV,1679254683
